line,stop,borough,structure,gtfs_latitude,gtfs_longitude
N W,Astoria - Ditmars Blvd,Q,Elevated,40.775036,-73.912034
N W,Astoria Blvd,Q,Elevated,40.770258,-73.917843
N W,30 Av,Q,Elevated,40.766779,-73.921479
N W,Broadway,Q,Elevated,40.76182,-73.925508
N W,36 Av,Q,Elevated,40.756804,-73.929575
N W,39 Av,Q,Elevated,40.752882,-73.932755
N W R,Lexington Av/59 St,M,Subway,40.76266,-73.967258
N W R,5 Av/59 St,M,Subway,40.764811,-73.973347
N Q R W,57 St - 7 Av,M,Subway,40.764664,-73.980658
N R W,49 St,M,Subway,40.759901,-73.984139
N Q R W,Times Sq - 42 St,M,Subway,40.754672,-73.986754
N Q R W,34 St - Herald Sq,M,Subway,40.749567,-73.98795
R W,28 St,M,Subway,40.745494,-73.988691
R W,23 St,M,Subway,40.741303,-73.989344
N Q R W,14 St - Union Sq,M,Subway,40.735736,-73.990568
R W,8 St - NYU,M,Subway,40.730328,-73.992629
R W,Prince St,M,Subway,40.724329,-73.997702
R W,Canal St,M,Subway,40.719527,-74.001775
N Q,Canal St,M,Subway,40.718383,-74.00046
R W,City Hall,M,Subway,40.713282,-74.006978
R W,Cortlandt St,M,Subway,40.710668,-74.011029
R W,Rector St,M,Subway,40.70722,-74.013342
R W,Whitehall St,M,Subway,40.703087,-74.012994
R,Court St,Bk,Subway,40.6941,-73.991777
R,Jay St - MetroTech,Bk,Subway,40.69218,-73.985942
B Q R,DeKalb Av,Bk,Subway,40.690635,-73.981824
D N R,Atlantic Av - Barclays Ctr,Bk,Subway,40.683666,-73.97881
R,Union St,Bk,Subway,40.677316,-73.98311
R,9 St,Bk,Subway,40.670847,-73.988302
R,Prospect Av,Bk,Subway,40.665414,-73.992872
R,25 St,Bk,Subway,40.660397,-73.998091
D N R,36 St,Bk,Subway,40.655144,-74.003549
R,45 St,Bk,Subway,40.648939,-74.010006
R,53 St,Bk,Subway,40.645069,-74.014034
N R,59 St,Bk,Subway,40.641362,-74.017881
R,Bay Ridge Av,Bk,Subway,40.634967,-74.023377
R,77 St,Bk,Subway,40.629742,-74.02551
R,86 St,Bk,Subway,40.622687,-74.028398
R,Bay Ridge - 95 St,Bk,Subway,40.616622,-74.030876
B Q,Atlantic Av - Barclays Ctr,Bk,Subway,40.68446,-73.97689
B Q,7 Av,Bk,Subway,40.67705,-73.972367
B Q,Prospect Park,Bk,Open Cut,40.661614,-73.962246
B Q,Parkside Av,Bk,Open Cut,40.655292,-73.961495
B Q,Church Av,Bk,Open Cut,40.650527,-73.962982
B Q,Beverley Rd,Bk,Open Cut,40.644031,-73.964492
B Q,Cortelyou Rd,Bk,Open Cut,40.640927,-73.963891
B Q,Newkirk Plaza,Bk,Open Cut,40.635082,-73.962793
B Q,Avenue H,Bk,Open Cut,40.62927,-73.961639
B Q,Avenue J,Bk,Open Cut,40.625039,-73.960803
B Q,Avenue M,Bk,Open Cut,40.617618,-73.959399
B Q,Kings Hwy,Bk,Open Cut,40.60867,-73.957734
B Q,Avenue U,Bk,Open Cut,40.5993,-73.955929
B Q,Neck Rd,Bk,Open Cut,40.595246,-73.955161
B Q,Sheepshead Bay,Bk,Open Cut,40.586896,-73.954155
B Q,Brighton Beach,Bk,Elevated,40.577621,-73.961376
Q,Ocean Pkwy,Bk,Elevated,40.576312,-73.968501
F Q,W 8 St - NY Aquarium,Bk,Elevated,40.576127,-73.975939
D F N Q,Coney Island - Stillwell Av,Bk,Viaduct,40.577422,-73.981233
D,9 Av,Bk,Open Cut,40.646292,-73.994324
D,Fort Hamilton Pkwy,Bk,Elevated,40.640914,-73.994304
D,50 St,Bk,Elevated,40.63626,-73.994791
D,55 St,Bk,Elevated,40.631435,-73.995476
D,62 St,Bk,Elevated,40.626472,-73.996895
D,71 St,Bk,Elevated,40.619589,-73.998864
D,79 St,Bk,Elevated,40.613501,-74.00061
D,18 Av,Bk,Elevated,40.607954,-74.001736
D,20 Av,Bk,Elevated,40.604556,-73.998168
D,Bay Pkwy,Bk,Elevated,40.601875,-73.993728
D,25 Av,Bk,Elevated,40.597704,-73.986829
D,Bay 50 St,Bk,Elevated,40.588841,-73.983765
N,8 Av,Bk,Open Cut,40.635064,-74.011719
N,Fort Hamilton Pkwy,Bk,Open Cut,40.631386,-74.005351
N,New Utrecht Av,Bk,Open Cut,40.624842,-73.996353
N,18 Av,Bk,Open Cut,40.620671,-73.990414
N,20 Av,Bk,Open Cut,40.61741,-73.985026
N,Bay Pkwy,Bk,Open Cut,40.611815,-73.981848
N,Kings Hwy,Bk,Open Cut,40.603923,-73.980353
N,Avenue U,Bk,Open Cut,40.597473,-73.979137
N,86 St,Bk,Open Cut,40.592721,-73.97823
J Z,121 St,Q,Elevated,40.700492,-73.828294
J,111 St,Q,Elevated,40.697418,-73.836345
J Z,104 St,Q,Elevated,40.695178,-73.84433
J Z,Woodhaven Blvd,Q,Elevated,40.693879,-73.851576
J,85 St - Forest Pkwy,Q,Elevated,40.692435,-73.86001
J Z,75 St,Q,Elevated,40.691324,-73.867139
J,Cypress Hills,Bk,Elevated,40.689941,-73.87255
J Z,Crescent St,Bk,Elevated,40.683194,-73.873785
J Z,Norwood Av,Bk,Elevated,40.68141,-73.880039
J,Cleveland St,Bk,Elevated,40.679947,-73.884639
J Z,Van Siclen Av,Bk,Elevated,40.678024,-73.891688
J,Alabama Av,Bk,Elevated,40.676992,-73.898654
J Z,Broadway Jct,Bk,Elevated,40.679498,-73.904512
J Z,Chauncey St,Bk,Elevated,40.682893,-73.910456
J,Halsey St,Bk,Elevated,40.68637,-73.916559
J Z,Gates Av,Bk,Elevated,40.68963,-73.92227
J,Kosciuszko St,Bk,Elevated,40.693342,-73.928814
J M Z,Myrtle Av,Bk,Elevated,40.697207,-73.935657
J M,Flushing Av,Bk,Elevated,40.70026,-73.941126
J M,Lorimer St,Bk,Elevated,40.703869,-73.947408
J M,Hewes St,Bk,Elevated,40.70687,-73.953431
J M Z,Marcy Av,Bk,Elevated,40.708359,-73.957757
J M Z,Essex St,M,Subway,40.718315,-73.987437
J Z,Bowery,M,Subway,40.72028,-73.993915
J Z,Canal St,M,Subway,40.718092,-73.999892
J Z,Chambers St,M,Subway,40.713243,-74.003401
J Z,Fulton St,M,Subway,40.710374,-74.007582
J Z,Broad St,M,Subway,40.706476,-74.011056
M,Middle Village - Metropolitan Av,Q,Elevated,40.711396,-73.889601
M,Fresh Pond Rd,Q,Elevated,40.706186,-73.895877
M,Forest Av,Q,Elevated,40.704423,-73.903077
M,Seneca Av,Q,Elevated,40.702762,-73.90774
M,Myrtle - Wyckoff Avs,Bk,Elevated,40.69943,-73.912385
M,Knickerbocker Av,Bk,Elevated,40.698664,-73.919711
M,Central Av,Bk,Elevated,40.697857,-73.927397
L,8 Av,M,Subway,40.739777,-74.002578
L,6 Av,M,Subway,40.737335,-73.996786
L,Union Sq - 14 St,M,Subway,40.734789,-73.99073
L,3 Av,M,Subway,40.732849,-73.986122
L,1 Av,M,Subway,40.730953,-73.981628
L,Bedford Av,Bk,Subway,40.717304,-73.956872
L,Lorimer St,Bk,Subway,40.714063,-73.950275
L,Graham Av,Bk,Subway,40.714565,-73.944053
L,Grand St,Bk,Subway,40.711926,-73.94067
L,Montrose Av,Bk,Subway,40.707739,-73.93985
L,Morgan Av,Bk,Subway,40.706152,-73.933147
L,Jefferson St,Bk,Subway,40.706607,-73.922913
L,DeKalb Av,Bk,Subway,40.703811,-73.918425
L,Myrtle - Wyckoff Avs,Bk,Subway,40.699814,-73.911586
L,Halsey St,Q,Subway,40.695602,-73.904084
L,Wilson Av,Bk,Subway,40.688764,-73.904046
L,Bushwick Av - Aberdeen St,Bk,Subway,40.682829,-73.905249
L,Broadway Jct,Bk,Elevated,40.678856,-73.90324
L,Atlantic Av,Bk,Elevated,40.675345,-73.903097
L,Sutter Av,Bk,Elevated,40.669367,-73.901975
L,Livonia Av,Bk,Elevated,40.664038,-73.900571
L,New Lots Av,Bk,Elevated,40.658733,-73.899232
L,E 105 St,Bk,At Grade,40.650573,-73.899485
L,Canarsie - Rockaway Pkwy,Bk,At Grade,40.646654,-73.90185
S,Franklin Av,Bk,Elevated,40.680596,-73.955827
S,Park Pl,Bk,Open Cut,40.674772,-73.957624
S,Botanic Garden,Bk,Open Cut,40.670343,-73.959245
A,Inwood - 207 St,M,Subway,40.868072,-73.919899
A,Dyckman St,M,Subway,40.865491,-73.927271
A,190 St,M,Subway,40.859022,-73.93418
A,181 St,M,Subway,40.851695,-73.937969
A,175 St,M,Subway,40.847391,-73.939704
A C,168 St,M,Subway,40.840719,-73.939561
C,163 St - Amsterdam Av,M,Subway,40.836013,-73.939892
C,155 St,M,Subway,40.830518,-73.941514
A C,145 St,M,Subway,40.824783,-73.944216
B D,145 St,M,Subway,40.824783,-73.944216
B C,135 St,M,Subway,40.817894,-73.947649
A B C D,125 St,M,Subway,40.811109,-73.952343
B C,116 St,M,Subway,40.805085,-73.954882
B C,Cathedral Pkwy (110 St),M,Subway,40.800603,-73.958161
B C,103 St,M,Subway,40.796092,-73.961454
B C,96 St,M,Subway,40.791642,-73.964696
B C,86 St,M,Subway,40.785868,-73.968916
B C,81 St - Museum of Natural History,M,Subway,40.781433,-73.972143
B C,72 St,M,Subway,40.775594,-73.97641
A B C D,59 St - Columbus Circle,M,Subway,40.768296,-73.981736
C E,50 St,M,Subway,40.762456,-73.985984
A C E,42 St - Port Authority Bus Terminal,M,Subway,40.757308,-73.989735
A C E,34 St - Penn Station,M,Subway,40.752287,-73.993391
C E,23 St,M,Subway,40.745906,-73.998041
A C E,14 St,M,Subway,40.740893,-74.00169
A C E,W 4 St,M,Subway,40.732338,-74.000495
B D F M,W 4 St,M,Subway,40.732338,-74.000495
C E,Spring St,M,Subway,40.726227,-74.003739
A C E,Canal St,M,Subway,40.720824,-74.005229
A C,Chambers St,M,Subway,40.714111,-74.008585
E,World Trade Center,M,Subway,40.712582,-74.009781
A C,Fulton St,M,Subway,40.710197,-74.007691
A C,High St,Bk,Subway,40.699337,-73.990531
A C F,Jay St - MetroTech,Bk,Subway,40.692338,-73.987342
A C G,Hoyt - Schermerhorn Sts,Bk,Subway,40.688484,-73.985001
C,Lafayette Av,Bk,Subway,40.686113,-73.973946
C,Clinton - Washington Avs,Bk,Subway,40.683263,-73.965838
C,Franklin Av,Bk,Subway,40.68138,-73.956848
A C,Nostrand Av,Bk,Subway,40.680438,-73.950426
C,Kingston - Throop Avs,Bk,Subway,40.679921,-73.940858
A C,Utica Av,Bk,Subway,40.679364,-73.930729
C,Ralph Av,Bk,Subway,40.678822,-73.920786
C,Rockaway Av,Bk,Subway,40.67834,-73.911946
A C,Broadway Jct,Bk,Subway,40.678334,-73.905316
C,Liberty Av,Bk,Subway,40.674542,-73.896548
C,Van Siclen Av,Bk,Subway,40.67271,-73.890358
C,Shepherd Av,Bk,Subway,40.67413,-73.88075
A C,Euclid Av,Bk,Subway,40.675377,-73.872106
A,Grant Av,Bk,Subway,40.677044,-73.86505
A,80 St,Q,Elevated,40.679371,-73.858992
A,88 St,Q,Elevated,40.679843,-73.85147
A,Rockaway Blvd,Q,Elevated,40.680429,-73.843853
A,104 St,Q,Elevated,40.681711,-73.837683
A,111 St,Q,Elevated,40.684331,-73.832163
A,Ozone Park - Lefferts Blvd,Q,Elevated,40.685951,-73.825798
A,Aqueduct Racetrack,Q,At Grade,40.672097,-73.835919
A,Aqueduct - N Conduit Av,Q,At Grade,40.668234,-73.834058
A,Howard Beach - JFK Airport,Q,At Grade,40.660476,-73.830301
A S,Broad Channel,Q,At Grade,40.608382,-73.815925
A S,Beach 90 St,Q,Viaduct,40.588034,-73.813641
A S,Beach 98 St,Q,Viaduct,40.585307,-73.820558
A S,Beach 105 St,Q,Viaduct,40.583209,-73.827559
A S,Rockaway Park - Beach 116 St,Q,At Grade,40.580903,-73.835592
A,Beach 67 St,Q,Viaduct,40.590927,-73.796924
A,Beach 60 St,Q,Viaduct,40.592374,-73.788522
A,Beach 44 St,Q,Viaduct,40.592943,-73.776013
A,Beach 36 St,Q,Viaduct,40.595398,-73.768175
A,Beach 25 St,Q,Viaduct,40.600066,-73.761353
A,Far Rockaway - Mott Av,Q,Viaduct,40.603995,-73.755405
D,Norwood - 205 St,Bx,Subway,40.874811,-73.878855
B D,Bedford Park Blvd,Bx,Subway,40.873244,-73.887138
B D,Kingsbridge Rd,Bx,Subway,40.866978,-73.893509
B D,Fordham Rd,Bx,Subway,40.861296,-73.897749
B D,182-183 Sts,Bx,Subway,40.856093,-73.900741
B D,Tremont Av,Bx,Subway,40.85041,-73.905227
B D,174-175 Sts,Bx,Subway,40.8459,-73.910136
B D,170 St,Bx,Subway,40.839306,-73.9134
B D,167 St,Bx,Subway,40.833771,-73.91844
B D,161 St - Yankee Stadium,Bx,Subway,40.827905,-73.925651
B D,155 St,M,Subway,40.830135,-73.938209
F,21 St - Queensbridge,Q,Subway,40.754203,-73.942836
F,Roosevelt Island,M,Subway,40.759145,-73.95326
F Q,Lexington Av/63 St,M,Subway,40.764629,-73.966113
F,57 St,M,Subway,40.763972,-73.97745
B D F M,47-50 Sts - Rockefeller Ctr,M,Subway,40.758663,-73.981329
B D F M,42 St - Bryant Pk,M,Subway,40.754222,-73.984569
B D F M,34 St - Herald Sq,M,Subway,40.749719,-73.987823
F M,23 St,M,Subway,40.742878,-73.992821
F M,14 St,M,Subway,40.738228,-73.996209
B D F M,Broadway-Lafayette St,M,Subway,40.725297,-73.996204
B D,Grand St,M,Subway,40.718267,-73.993753
F,2 Av,M,Subway,40.723402,-73.989938
F,Delancey St,M,Subway,40.718611,-73.988114
F,East Broadway,M,Subway,40.713715,-73.990173
F,York St,Bk,Subway,40.701397,-73.986751
F G,Bergen St,Bk,Subway,40.686145,-73.990862
F G,Carroll St,Bk,Subway,40.680303,-73.995048
F G,Smith - 9 Sts,Bk,Viaduct,40.67358,-73.995959
F G,4 Av,Bk,Viaduct,40.670272,-73.989779
F G,7 Av,Bk,Subway,40.666271,-73.980305
F G,15 St - Prospect Park,Bk,Subway,40.660365,-73.979493
F G,Fort Hamilton Pkwy,Bk,Subway,40.650782,-73.975776
F,Church Av,Bk,Subway,40.644041,-73.979678
F,Ditmas Av,Bk,Elevated,40.636119,-73.978172
F,18 Av,Bk,Elevated,40.629755,-73.976971
F,Avenue I,Bk,Elevated,40.625322,-73.976127
F,Bay Pkwy,Bk,Elevated,40.620769,-73.975264
F,Avenue N,Bk,Elevated,40.61514,-73.974197
F,Avenue P,Bk,Elevated,40.608944,-73.973022
F,Kings Hwy,Bk,Elevated,40.603217,-73.972361
F,Avenue U,Bk,Elevated,40.596063,-73.973357
F,Avenue X,Bk,Elevated,40.58962,-73.97425
F,Neptune Av,Bk,Elevated,40.581011,-73.974574
F,Jamaica - 179 St,Q,Subway,40.712646,-73.783817
F,169 St,Q,Subway,40.71047,-73.793604
F,Parsons Blvd,Q,Subway,40.707564,-73.803326
F,Sutphin Blvd,Q,Subway,40.70546,-73.810708
E F,Briarwood - Van Wyck Blvd,Q,Subway,40.709179,-73.820574
E F,Kew Gardens - Union Tpke,Q,Subway,40.714441,-73.831008
E F,75 Av,Q,Subway,40.718331,-73.837324
E F M R,Forest Hills - 71 Av,Q,Subway,40.721691,-73.844521
M R,67 Av,Q,Subway,40.726523,-73.852719
M R,63 Dr - Rego Park,Q,Subway,40.729846,-73.861604
M R,Woodhaven Blvd,Q,Subway,40.733106,-73.869229
M R,Grand Av - Newtown,Q,Subway,40.737015,-73.877223
M R,Elmhurst Av,Q,Subway,40.742454,-73.882017
E F M R,Jackson Hts - Roosevelt Av,Q,Subway,40.746644,-73.891338
M R,65 St,Q,Subway,40.749669,-73.898453
M R,Northern Blvd,Q,Subway,40.752885,-73.906006
M R,46 St,Q,Subway,40.756312,-73.913333
M R,Steinway St,Q,Subway,40.756879,-73.92074
M R,36 St,Q,Subway,40.752039,-73.928781
E M R,Queens Plaza,Q,Subway,40.748973,-73.937243
E M,Court Sq,Q,Subway,40.747846,-73.946
E M,Lexington Av/53 St,M,Subway,40.757552,-73.969055
E M,5 Av/53 St,M,Subway,40.760167,-73.975224
B D E,7 Av,M,Subway,40.762862,-73.981637
E J Z,Jamaica Center - Parsons/Archer,Q,Subway,40.702147,-73.801109
E J Z,Sutphin Blvd - Archer Av - JFK Airport,Q,Subway,40.700486,-73.807969
E,Jamaica - Van Wyck,Q,Subway,40.702566,-73.816859
G,Court Sq,Q,Subway,40.746554,-73.943832
G,21 St,Q,Subway,40.744065,-73.949724
G,Greenpoint Av,Bk,Subway,40.731352,-73.954449
G,Nassau Av,Bk,Subway,40.724635,-73.951277
G,Metropolitan Av,Bk,Subway,40.712792,-73.951418
G,Broadway,Bk,Subway,40.706092,-73.950308
G,Flushing Av,Bk,Subway,40.700377,-73.950234
G,Myrtle - Willoughby Avs,Bk,Subway,40.694568,-73.949046
G,Bedford - Nostrand Avs,Bk,Subway,40.689627,-73.953522
G,Classon Av,Bk,Subway,40.688873,-73.96007
G,Clinton - Washington Avs,Bk,Subway,40.688089,-73.966839
G,Fulton St,Bk,Subway,40.687119,-73.975375
1,Van Cortlandt Park - 242 St,Bx,Elevated,40.889248,-73.898583
1,238 St,Bx,Elevated,40.884667,-73.90087
1,231 St,Bx,Elevated,40.878856,-73.904834
1,Marble Hill - 225 St,M,Elevated,40.874561,-73.909831
1,215 St,M,Elevated,40.869444,-73.915279
1,207 St,M,Elevated,40.864621,-73.918822
1,Dyckman St,M,Elevated,40.860531,-73.925536
1,191 St,M,Subway,40.855225,-73.929412
1,181 St,M,Subway,40.849505,-73.933596
1,168 St - Washington Hts,M,Subway,40.840556,-73.940133
1,157 St,M,Subway,40.834041,-73.94489
1,145 St,M,Subway,40.826551,-73.95036
1,137 St - City College,M,Subway,40.822008,-73.953676
1,125 St,M,Elevated,40.815581,-73.958372
1,116 St - Columbia University,M,Subway,40.807722,-73.96411
1,Cathedral Pkwy,M,Subway,40.803967,-73.966847
1,103 St,M,Subway,40.799446,-73.968379
1 2 3,96 St,M,Subway,40.793919,-73.972323
1,86 St,M,Subway,40.788644,-73.976218
1,79 St,M,Subway,40.783934,-73.979917
1 2 3,72 St,M,Subway,40.778453,-73.98197
1,66 St - Lincoln Center,M,Subway,40.77344,-73.982209
1,59 St - Columbus Circle,M,Subway,40.768247,-73.981929
1,50 St,M,Subway,40.761728,-73.983849
1 2 3,Times Sq - 42 St,M,Subway,40.75529,-73.987495
1 2 3,34 St - Penn Station,M,Subway,40.750373,-73.991057
1,28 St,M,Subway,40.747215,-73.993365
1,23 St,M,Subway,40.744081,-73.995657
1,18 St,M,Subway,40.74104,-73.997871
1 2 3,14 St,M,Subway,40.737826,-74.000201
1,Christopher St - Sheridan Sq,M,Subway,40.733422,-74.002906
1,Houston St,M,Subway,40.728251,-74.005367
1,Canal St,M,Subway,40.722854,-74.006277
1,Franklin St,M,Subway,40.719318,-74.006886
1 2 3,Chambers St,M,Subway,40.715478,-74.009266
1,WTC Cortlandt,M,Subway,40.711835,-74.012188
1,Rector St,M,Subway,40.707513,-74.013783
1,South Ferry,M,Subway,40.702068,-74.013664
2 3,Park Pl,M,Subway,40.713051,-74.008811
2 3,Fulton St,M,Subway,40.709416,-74.006571
2 3,Wall St,M,Subway,40.706821,-74.0091
2 3,Clark St,Bk,Subway,40.697466,-73.993086
2 3,Borough Hall,Bk,Subway,40.693219,-73.989998
2 3,Hoyt St,Bk,Subway,40.690545,-73.985065
2 3 4 5,Nevins St,Bk,Subway,40.688246,-73.980492
2 3,Atlantic Av - Barclays Ctr,Bk,Subway,40.684359,-73.977666
2 3,Bergen St,Bk,Subway,40.680829,-73.975098
2 3,Grand Army Plaza,Bk,Subway,40.675235,-73.971046
2 3,Eastern Pkwy - Brooklyn Museum,Bk,Subway,40.671987,-73.964375
2 3 4 5,Franklin Av,Bk,Subway,40.670682,-73.958131
3,Nostrand Av,Bk,Subway,40.669847,-73.950466
3,Kingston Av,Bk,Subway,40.669399,-73.942161
3 4,Crown Hts - Utica Av,Bk,Subway,40.668897,-73.932942
3,Sutter Av - Rutland Rd,Bk,Elevated,40.664717,-73.92261
3,Saratoga Av,Bk,Elevated,40.661453,-73.916327
3,Rockaway Av,Bk,Elevated,40.662549,-73.908946
3,Junius St,Bk,Elevated,40.663515,-73.902447
3,Pennsylvania Av,Bk,Elevated,40.664635,-73.894895
3,Van Siclen Av,Bk,Elevated,40.665449,-73.889395
3,New Lots Av,Bk,Elevated,40.666235,-73.884079
2 5,President St,Bk,Subway,40.667883,-73.950683
2 5,Sterling St,Bk,Subway,40.662742,-73.95085
2 5,Winthrop St,Bk,Subway,40.656652,-73.9502
2 5,Church Av,Bk,Subway,40.650843,-73.949575
2 5,Beverly Rd,Bk,Subway,40.645098,-73.948959
2 5,Newkirk Av,Bk,Subway,40.639967,-73.948411
2 5,Flatbush Av - Brooklyn College,Bk,Subway,40.632836,-73.947642
6,Pelham Bay Park,Bx,Elevated,40.852462,-73.828121
6,Buhre Av,Bx,Elevated,40.84681,-73.832569
6,Middletown Rd,Bx,Elevated,40.843863,-73.836322
6,Westchester Sq - E Tremont Av,Bx,Elevated,40.839892,-73.842952
6,Zerega Av,Bx,Elevated,40.836488,-73.847036
6,Castle Hill Av,Bx,Elevated,40.834255,-73.851222
6,Parkchester,Bx,Elevated,40.833226,-73.860816
6,St Lawrence Av,Bx,Elevated,40.831509,-73.867618
6,Morrison Av- Sound View,Bx,Elevated,40.829521,-73.874516
6,Elder Av,Bx,Elevated,40.828584,-73.879159
6,Whitlock Av,Bx,Elevated,40.826525,-73.886283
6,Hunts Point Av,Bx,Subway,40.820948,-73.890549
6,Longwood Av,Bx,Subway,40.816104,-73.896435
6,E 149 St,Bx,Subway,40.812118,-73.904098
6,E 143 St - St Mary's St,Bx,Subway,40.808719,-73.907657
6,Cypress Av,Bx,Subway,40.805368,-73.914042
6,Brook Av,Bx,Subway,40.807566,-73.91924
6,3 Av - 138 St,Bx,Subway,40.810476,-73.926138
4,Woodlawn,Bx,Elevated,40.886037,-73.878751
4,Mosholu Pkwy,Bx,Elevated,40.87975,-73.884655
4,Bedford Park Blvd - Lehman College,Bx,Elevated,40.873412,-73.890064
4,Kingsbridge Rd,Bx,Elevated,40.86776,-73.897174
4,Fordham Rd,Bx,Elevated,40.862803,-73.901034
4,183 St,Bx,Elevated,40.858407,-73.903879
4,Burnside Av,Bx,Elevated,40.853453,-73.907684
4,176 St,Bx,Elevated,40.84848,-73.911794
4,Mt Eden Av,Bx,Elevated,40.844434,-73.914685
4,170 St,Bx,Elevated,40.840075,-73.917791
4,167 St,Bx,Elevated,40.835537,-73.9214
4,161 St - Yankee Stadium,Bx,Elevated,40.827994,-73.925831
4,149 St - Grand Concourse,Bx,Subway,40.818375,-73.927351
4 5,138 St - Grand Concourse,Bx,Subway,40.813224,-73.929849
4 5 6,125 St,M,Subway,40.804138,-73.937594
6,116 St,M,Subway,40.798629,-73.941617
6,110 St,M,Subway,40.79502,-73.94425
6,103 St,M,Subway,40.7906,-73.947478
6,96 St,M,Subway,40.785672,-73.95107
4 5 6,86 St,M,Subway,40.779492,-73.955589
6,77 St,M,Subway,40.77362,-73.959874
6,68 St - Hunter College,M,Subway,40.768141,-73.96387
4 5 6,59 St,M,Subway,40.762526,-73.967967
6,51 St,M,Subway,40.757107,-73.97192
4 5 6,Grand Central - 42 St,M,Subway,40.751776,-73.976848
6,33 St,M,Subway,40.746081,-73.982076
6,28 St,M,Subway,40.74307,-73.984264
6,23 St,M,Subway,40.739864,-73.986599
4 5 6,14 St - Union Sq,M,Subway,40.734673,-73.989951
6,Astor Pl,M,Subway,40.730054,-73.99107
6,Bleecker St,M,Subway,40.725915,-73.994659
6,Spring St,M,Subway,40.722301,-73.997141
6,Canal St,M,Subway,40.718803,-74.000193
4 5 6,Brooklyn Bridge - City Hall,M,Subway,40.713065,-74.004131
4 5,Fulton St,M,Subway,40.710368,-74.009509
4 5,Wall St,M,Subway,40.707557,-74.011862
4 5,Bowling Green,M,Subway,40.704817,-74.014065
4 5,Borough Hall,Bk,Subway,40.692404,-73.990151
2,Wakefield - 241 St,Bx,Elevated,40.903125,-73.85062
2 5,Nereid Av,Bx,Elevated,40.898379,-73.854376
2 5,233 St,Bx,Elevated,40.893193,-73.857473
2 5,225 St,Bx,Elevated,40.888022,-73.860341
2 5,219 St,Bx,Elevated,40.883895,-73.862633
2 5,Gun Hill Rd,Bx,Elevated,40.87785,-73.866256
2 5,Burke Av,Bx,Elevated,40.871356,-73.867164
2 5,Allerton Av,Bx,Elevated,40.865462,-73.867352
2 5,Pelham Pkwy,Bx,Elevated,40.857192,-73.867615
2 5,Bronx Park East,Bx,Elevated,40.848828,-73.868457
2 5,E 180 St,Bx,Elevated,40.841894,-73.873488
2 5,West Farms Sq - E Tremont Av,Bx,Elevated,40.840295,-73.880049
2 5,174 St,Bx,Elevated,40.837288,-73.887734
2 5,Freeman St,Bx,Elevated,40.829993,-73.891865
2 5,Simpson St,Bx,Elevated,40.824073,-73.893064
2 5,Intervale Av,Bx,Elevated,40.822181,-73.896736
2 5,Prospect Av,Bx,Elevated,40.819585,-73.90177
2 5,Jackson Av,Bx,Elevated,40.81649,-73.907807
2 5,3 Av - 149 St,Bx,Subway,40.816109,-73.917757
2 5,149 St - Grand Concourse,Bx,Subway,40.81841,-73.926718
3,Harlem - 148 St,M,Subway,40.82388,-73.93647
3,145 St,M,Subway,40.820421,-73.936245
2 3,135 St,M,Subway,40.814229,-73.94077
2 3,125 St,M,Subway,40.807754,-73.945495
2 3,116 St,M,Subway,40.802098,-73.949625
2 3,Central Park North (110 St),M,Subway,40.799075,-73.951822
5,Eastchester - Dyre Av,Bx,At Grade,40.8883,-73.830834
5,Baychester Av,Bx,Open Cut,40.878663,-73.838591
5,Gun Hill Rd,Bx,Open Cut,40.869526,-73.846384
5,Pelham Pkwy,Bx,Open Cut,40.858985,-73.855359
5,Morris Park,Bx,Open Cut,40.854364,-73.860495
7,Flushing - Main St,Q,Subway,40.7596,-73.83003
7,Mets - Willets Point,Q,Elevated,40.754622,-73.845625
7,111 St,Q,Elevated,40.75173,-73.855334
7,103 St - Corona Plaza,Q,Elevated,40.749865,-73.8627
7,Junction Blvd,Q,Elevated,40.749145,-73.869527
7,90 St - Elmhurst Av,Q,Elevated,40.748408,-73.876613
7,82 St - Jackson Hts,Q,Elevated,40.747659,-73.883697
7,74 St - Broadway,Q,Elevated,40.746848,-73.891394
7,69 St,Q,Elevated,40.746325,-73.896403
7,Woodside - 61 St,Q,Elevated,40.74563,-73.902984
7,52 St,Q,Elevated,40.744149,-73.912549
7,46 St,Q,Elevated,40.743132,-73.918435
7,40 St,Q,Elevated,40.743781,-73.924016
7,33 St,Q,Elevated,40.744587,-73.930997
7,Queensboro Plaza,Q,Elevated,40.750582,-73.940202
N W,Queensboro Plaza,Q,Elevated,40.750582,-73.940202
7,Court Sq,Q,Elevated,40.747023,-73.945264
7,Hunters Point Av,Q,Subway,40.742216,-73.948916
7,Vernon Blvd - Jackson Av,Q,Subway,40.742626,-73.953581
7,Grand Central - 42 St,M,Subway,40.751431,-73.976041
7,5 Av,M,Subway,40.753821,-73.981963
7,Times Sq - 42 St,M,Subway,40.755477,-73.987691
S,Times Sq - 42 St,M,Subway,40.755983,-73.986229
S,Grand Central - 42 St,M,Subway,40.752769,-73.979189
7,34 St - 11 Av,M,Subway,40.755882,-74.00191
Q,96 St,M,Subway,40.784318,-73.947152
Q,86 St,M,Subway,40.777891,-73.951787
Q,72 St,M,Subway,40.768799,-73.958424
SIR,St George,SI,Open Cut,40.643748,-74.073643
SIR,Tompkinsville,SI,At Grade,40.636949,-74.074835
SIR,Stapleton,SI,Elevated,40.627915,-74.075162
SIR,Clifton,SI,Elevated,40.621319,-74.071402
SIR,Grasmere,SI,Open Cut,40.603117,-74.084087
SIR,Old Town,SI,Embankment,40.596612,-74.087368
SIR,Dongan Hills,SI,Embankment,40.588849,-74.09609
SIR,Jefferson Av,SI,Embankment,40.583591,-74.103338
SIR,Grant City,SI,Open Cut,40.578965,-74.109704
SIR,New Dorp,SI,Open Cut,40.57348,-74.11721
SIR,Oakwood Heights,SI,Open Cut,40.56511,-74.12632
SIR,Bay Terrace,SI,Embankment,40.5564,-74.136907
SIR,Great Kills,SI,Open Cut,40.551231,-74.151399
SIR,Eltingville,SI,Embankment,40.544601,-74.16457
SIR,Annadale,SI,Open Cut,40.54046,-74.178217
SIR,Huguenot,SI,Open Cut,40.533674,-74.191794
SIR,Prince's Bay,SI,Open Cut,40.525507,-74.200064
SIR,Pleasant Plains,SI,Embankment,40.52241,-74.217847
SIR,Richmond Valley,SI,Open Cut,40.519631,-74.229141
SIR,Tottenville,SI,At Grade,40.512764,-74.251961
SIR,Arthur Kill,SI,At Grade,40.516578,-74.242096